ruta,bytes_antes,bytes_despues,medidas_antes,medidas_despues
img/nutri/microbiotaRecursos/miso.webp,493676,21354,5197x3898,900x675
libros/img/microbiota.webp,349784,145866,1024x1024,900x900
recorrido/cabala/sefirot/bina.webp,688028,131328,1254x1254,900x900
recorrido/cabala/sefirot/daat.webp,690082,136354,1254x1254,900x900
recorrido/cabala/sefirot/guevura.webp,675868,110770,1254x1254,900x900
recorrido/cabala/sefirot/hod.webp,558008,156422,1122x1122,900x900
recorrido/cabala/sefirot/jesed.webp,518482,135834,1122x1122,900x900
recorrido/cabala/sefirot/jojma.webp,655682,132128,1254x1254,900x900
recorrido/cabala/sefirot/keter.webp,229084,49104,988x988,900x900
recorrido/cabala/sefirot/netsaj.webp,530732,144620,1122x1122,900x900
recorrido/cabala/sefirot/tiferet.webp,740512,170904,1254x1254,900x900
recorrido/cabala/sefirot/yesod.webp,685744,141066,1254x1254,900x900
recorrido/cabala/sefirotfondo.webp,211698,104056,1000x1000,900x900
recorrido/cabala/senderos/aleph.webp,562756,138416,1122x1122,900x900
recorrido/cabala/senderos/ayin.webp,714852,146560,1254x1254,900x900
recorrido/cabala/senderos/beth.webp,419244,104414,1043x1043,900x900
recorrido/cabala/senderos/chet.webp,670884,126826,1254x1254,900x900
recorrido/cabala/senderos/daleth.webp,718564,149156,1254x1254,900x900
recorrido/cabala/senderos/gimel.webp,675440,129748,1254x1254,900x900
recorrido/cabala/senderos/he.webp,665950,131526,1254x1254,900x900
recorrido/cabala/senderos/kaf.webp,669602,136946,1254x1254,900x900
recorrido/cabala/senderos/lamed.webp,718518,153784,1254x1254,900x900
recorrido/cabala/senderos/mem.webp,716374,164180,1254x1254,900x900
recorrido/cabala/senderos/nun.webp,688508,153362,1254x1254,900x900
recorrido/cabala/senderos/pe.webp,721936,163098,1254x1254,900x900
recorrido/cabala/senderos/qof.webp,574064,153560,1122x1122,900x900
recorrido/cabala/senderos/resh.webp,538512,139272,1122x1122,900x900
recorrido/cabala/senderos/samekh.webp,372018,101088,1122x1122,900x900
recorrido/cabala/senderos/shin.webp,485488,133980,1122x1122,900x900
recorrido/cabala/senderos/tav.webp,404944,110082,1122x1122,900x900
recorrido/cabala/senderos/tet.webp,459842,110962,1254x1254,900x900
recorrido/cabala/senderos/tsadi.webp,368298,101484,1122x1122,900x900
recorrido/cabala/senderos/vav.webp,389576,82382,1254x1254,900x900
recorrido/cabala/senderos/yod.webp,505546,136448,1122x1122,900x900
recorrido/cabala/senderos/zayin.webp,473788,126354,1088x1088,900x900
recorrido/cultura/historiaciencia/academias-enciclopedia.webp,258710,134600,1000x1000,900x900
recorrido/cultura/historiaciencia/adn.webp,258588,135332,1000x1000,900x900
recorrido/cultura/historiaciencia/al-juarismi.webp,264734,141800,1000x1000,900x900
recorrido/cultura/historiaciencia/alhacen.webp,271878,139380,1000x1000,900x900
recorrido/cultura/historiaciencia/aristoteles-ciencia.webp,269734,144436,1000x1000,900x900
recorrido/cultura/historiaciencia/arquimedes.webp,265576,142338,1000x1000,900x900
recorrido/cultura/historiaciencia/big-bang.webp,225016,114548,1000x1000,900x900
recorrido/cultura/historiaciencia/cero-india.webp,265948,133210,1000x1000,900x900
recorrido/cultura/historiaciencia/china-inventos.webp,302896,156384,1000x1000,900x900
recorrido/cultura/historiaciencia/ciencia-se-corrige.webp,266072,142120,1000x1000,900x900
recorrido/cultura/historiaciencia/como-se-sabe.webp,264446,140248,1000x1000,900x900
recorrido/cultura/historiaciencia/copernico.webp,245716,123572,1000x1000,900x900
recorrido/cultura/historiaciencia/cuantica.webp,270248,143414,1000x1000,900x900
recorrido/cultura/historiaciencia/curie.webp,245756,126194,1000x1000,900x900
recorrido/cultura/historiaciencia/darwin.webp,240278,121282,1000x1000,900x900
recorrido/cultura/historiaciencia/edad-de-la-tierra.webp,239832,125206,1000x1000,900x900
recorrido/cultura/historiaciencia/einstein.webp,242706,122560,1000x1000,900x900
recorrido/cultura/historiaciencia/eras/antes-ciencia.webp,271936,141580,1000x1000,900x900
recorrido/cultura/historiaciencia/eras/ciencia-mundo.webp,292278,156814,1000x1000,900x900
recorrido/cultura/historiaciencia/eras/descifrar-vida.webp,282532,158176,1000x1000,900x900
recorrido/cultura/historiaciencia/eras/era-informacion.webp,309054,172788,1000x1000,900x900
recorrido/cultura/historiaciencia/eras/fisica-moderna.webp,282864,149942,1000x1000,900x900
recorrido/cultura/historiaciencia/eras/grecia-ciencia.webp,253848,134962,1000x1000,900x900
recorrido/cultura/historiaciencia/eras/ilustracion-ciencia.webp,299032,158270,1000x1000,900x900
recorrido/cultura/historiaciencia/eras/prologo.webp,307376,163990,1000x1000,900x900
recorrido/cultura/historiaciencia/eras/revolucion-cientifica.webp,297132,158628,1000x1000,900x900
recorrido/cultura/historiaciencia/eras/siglo-xix.webp,289738,159964,1000x1000,900x900
recorrido/cultura/historiaciencia/eratostenes.webp,226600,116436,1000x1000,900x900
recorrido/cultura/historiaciencia/euclides.webp,235704,126546,1000x1000,900x900
recorrido/cultura/historiaciencia/franklin-electricidad.webp,231180,119042,1000x1000,900x900
recorrido/cultura/historiaciencia/fuego-herramientas.webp,276340,148676,1000x1000,900x900
recorrido/cultura/historiaciencia/galileo.webp,269572,139908,1000x1000,900x900
recorrido/cultura/historiaciencia/kepler.webp,282084,143798,1000x1000,900x900
recorrido/cultura/historiaciencia/lavoisier.webp,268942,142204,1000x1000,900x900
recorrido/cultura/historiaciencia/linneo.webp,271584,145316,1000x1000,900x900
recorrido/cultura/historiaciencia/maxwell.webp,241630,124954,1000x1000,900x900
recorrido/cultura/historiaciencia/mendel.webp,275664,142796,1000x1000,900x900
recorrido/cultura/historiaciencia/mendeleyev.webp,218464,110300,1000x1000,900x900
recorrido/cultura/historiaciencia/nace-metodo.webp,271664,140836,1000x1000,900x900
recorrido/cultura/historiaciencia/newton.webp,268946,140350,1000x1000,900x900
recorrido/cultura/historiaciencia/pitagoras-numeros.webp,252750,134302,1000x1000,900x900
recorrido/cultura/historiaciencia/que-es-ciencia.webp,263952,141254,1000x1000,900x900
recorrido/cultura/historiaciencia/saber-no-se-pierde.webp,287698,152372,1000x1000,900x900
recorrido/cultura/historiaciencia/tales-presocraticos.webp,245632,130554,1000x1000,900x900
recorrido/cultura/historiaciencia/tectonica-placas.webp,282510,149048,1000x1000,900x900
recorrido/cultura/historiaciencia/teoria-celular.webp,226118,115740,1000x1000,900x900
recorrido/cultura/historiaciencia/termodinamica.webp,293744,153954,1000x1000,900x900
recorrido/cultura/historiafilosofia/avicena.webp,206918,107886,1000x1000,900x900
recorrido/cultura/historiafilosofia/busqueda-no-termina.webp,223514,120402,1000x1000,900x900
recorrido/cultura/historiafilosofia/diogenes-cinismo.webp,215468,115330,1000x1000,900x900
recorrido/cultura/historiafilosofia/egipto-mesopotamia.webp,218194,112064,1000x1000,900x900
recorrido/cultura/historiafilosofia/empedocles.webp,216566,117222,1000x1000,900x900
recorrido/cultura/historiafilosofia/eras/antes-filosofia.webp,255992,129118,1000x1000,900x900
recorrido/cultura/historiafilosofia/eras/buena-vida.webp,250084,119958,1000x1000,900x900
recorrido/cultura/historiafilosofia/eras/grandes-ideas.webp,260088,140578,1000x1000,900x900
recorrido/cultura/historiafilosofia/eras/grecia-razon.webp,263052,131782,1000x1000,900x900
recorrido/cultura/historiafilosofia/eras/hombre-centro.webp,255152,128314,1000x1000,900x900
recorrido/cultura/historiafilosofia/eras/primeros-sabios.webp,249036,121864,1000x1000,900x900
recorrido/cultura/historiafilosofia/eras/que-conocer.webp,258600,138328,1000x1000,900x900
recorrido/cultura/historiafilosofia/eras/revolucion-pensamiento.webp,225934,120374,937x1000,843x900
recorrido/cultura/historiafilosofia/etica-ia.webp,216788,114508,1000x1000,900x900
recorrido/cultura/historiafilosofia/legado-tres-gigantes.webp,217154,113934,1000x1000,900x900
recorrido/cultura/historiafilosofia/montesquieu.webp,207744,104060,1000x1000,900x900
recorrido/cultura/historiafilosofia/neoplatonismo.webp,206594,103948,1000x1000,900x900
recorrido/cultura/historiafilosofia/pascal.webp,206170,98744,1000x1000,900x900
recorrido/cultura/historiafilosofia/rousseau.webp,259320,141386,1000x1000,900x900
recorrido/cultura/historiafilosofia/sabios-china.webp,206328,110186,1000x1000,900x900
recorrido/cultura/historiafilosofia/vedas-upanishads.webp,208120,109680,1000x1000,900x900
recorrido/cultura/historiageneral/alejandro-magno.webp,306610,169482,1000x1000,900x900
recorrido/cultura/historiageneral/arte-rupestre.webp,207866,102308,1000x1000,900x900
recorrido/cultura/historiageneral/atentados-11s.webp,308938,165178,1000x1000,900x900
recorrido/cultura/historiageneral/avion.webp,315602,165770,1000x1000,900x900
recorrido/cultura/historiageneral/bomba-atomica.webp,229396,122614,1000x1000,900x900
recorrido/cultura/historiageneral/caida-constantinopla.webp,234906,121486,1000x1000,900x900
recorrido/cultura/historiageneral/caida-muro-berlin.webp,224714,112714,1000x1000,900x900
recorrido/cultura/historiageneral/caida-roma-occidente.webp,289944,157826,1000x1000,900x900
recorrido/cultura/historiageneral/carlomagno.webp,337922,197298,1000x1000,900x900
recorrido/cultura/historiageneral/carrera-espacial.webp,315782,169786,1000x1000,900x900
recorrido/cultura/historiageneral/cisma-oriente.webp,302972,165928,1000x1000,900x900
recorrido/cultura/historiageneral/ciudades-estado.webp,233958,120344,1000x1000,900x900
recorrido/cultura/historiageneral/colonizacion-europea.webp,244508,129866,1000x1000,900x900
recorrido/cultura/historiageneral/comercio-atlantico.webp,315164,179142,1000x1000,900x900
recorrido/cultura/historiageneral/contrarreforma.webp,237302,124282,1000x1000,900x900
recorrido/cultura/historiageneral/crisis-2008.webp,253674,127018,1000x1000,900x900
recorrido/cultura/historiageneral/cruzadas.webp,236388,121664,1000x1000,900x900
recorrido/cultura/historiageneral/descolonizacion.webp,244928,134254,1000x1000,900x900
recorrido/cultura/historiageneral/descubrimiento-america.webp,271200,157528,1000x1000,900x900
recorrido/cultura/historiageneral/dinastia-han.webp,259332,146936,1000x1000,900x900
recorrido/cultura/historiageneral/dinastia-tang.webp,267316,153014,1000x1000,900x900
recorrido/cultura/historiageneral/disolucion-urss.webp,217236,112036,1000x1000,900x900
recorrido/cultura/historiageneral/electricidad.webp,206054,106782,1000x1000,900x900
recorrido/cultura/historiageneral/era-vikinga.webp,245694,135190,1000x1000,900x900
recorrido/cultura/historiageneral/expansion-cristianismo.webp,257346,134988,1000x1000,900x900
recorrido/cultura/historiageneral/expansion-islamica.webp,307806,170768,1000x1000,900x900
recorrido/cultura/historiageneral/ferrocarril.webp,301950,175896,1000x1000,900x900
recorrido/cultura/historiageneral/feudalismo.webp,322758,177842,1000x1000,900x900
recorrido/cultura/historiageneral/fundacion-onu.webp,299754,168132,1000x1000,900x900
recorrido/cultura/historiageneral/fundacion-roma.webp,279902,161566,1000x1000,900x900
recorrido/cultura/historiageneral/fundacion-universidades.webp,209128,103842,1000x1000,900x900
recorrido/cultura/historiageneral/genoma-humano.webp,260510,135024,1000x1000,900x900
recorrido/cultura/historiageneral/globalizacion.webp,290924,152278,1000x1000,900x900
recorrido/cultura/historiageneral/gran-depresion.webp,204880,104508,1000x1000,900x900
recorrido/cultura/historiageneral/guerra-cien-anos.webp,365452,210270,1000x1000,900x900
recorrido/cultura/historiageneral/guerra-fria.webp,248494,134192,1000x1000,900x900
recorrido/cultura/historiageneral/guerra-secesion.webp,264686,140830,1000x1000,900x900
recorrido/cultura/historiageneral/guerras-napoleonicas.webp,215566,118152,1000x1000,900x900
recorrido/cultura/historiageneral/holocausto.webp,251648,139288,1000x1000,900x900
recorrido/cultura/historiageneral/homo-sapiens.webp,251956,132616,1000x1000,900x900
recorrido/cultura/historiageneral/ia-generativa.webp,240420,121756,1000x1000,900x900
recorrido/cultura/historiageneral/imperio-bizantino.webp,338072,189392,1000x1000,900x900
recorrido/cultura/historiageneral/imperio-maurya.webp,260442,139364,1000x1000,900x900
recorrido/cultura/historiageneral/imperio-mongol.webp,255202,129546,1000x1000,900x900
recorrido/cultura/historiageneral/imperio-romano.webp,244798,130576,1000x1000,900x900
recorrido/cultura/historiageneral/imprenta-gutenberg.webp,214094,113290,1000x1000,900x900
recorrido/cultura/historiageneral/independencia-eeuu.webp,208970,109172,1000x1000,900x900
recorrido/cultura/historiageneral/independencias-hispanoamerica.webp,262012,139710,1000x1000,900x900
recorrido/cultura/historiageneral/invencion-escritura.webp,248138,140702,1000x1000,900x900
recorrido/cultura/historiageneral/invencion-papel.webp,231922,121634,1000x1000,900x900
recorrido/cultura/historiageneral/julio-cesar.webp,275894,147066,1000x1000,900x900
recorrido/cultura/historiageneral/llegada-luna.webp,241588,127258,1000x1000,900x900
recorrido/cultura/historiageneral/motor-combustion.webp,211892,110820,1000x1000,900x900
recorrido/cultura/historiageneral/nacimiento-hinduismo.webp,213870,112844,1000x1000,900x900
recorrido/cultura/historiageneral/nacimiento-islam.webp,212576,107624,1000x1000,900x900
recorrido/cultura/historiageneral/nazismo-fascismo.webp,209066,109142,1000x1000,900x900
recorrido/cultura/historiageneral/neandertales.webp,249310,131720,1000x1000,900x900
recorrido/cultura/historiageneral/penicilina.webp,210406,115442,1000x1000,900x900
recorrido/cultura/historiageneral/peste-negra.webp,208114,103556,1000x1000,900x900
recorrido/cultura/historiageneral/piramides-guiza.webp,223206,112618,1000x1000,900x900
recorrido/cultura/historiageneral/primera-guerra-mundial.webp,241150,127278,1000x1000,900x900
recorrido/cultura/historiageneral/primera-vuelta-mundo.webp,234772,122968,1000x1000,900x900
recorrido/cultura/historiageneral/primeros-hominidos.webp,208282,108744,1000x1000,900x900
recorrido/cultura/historiageneral/radio.webp,220478,113834,1000x1000,900x900
recorrido/cultura/historiageneral/redes-sociales.webp,271240,137556,1000x1000,900x900
recorrido/cultura/historiageneral/renacimiento.webp,221006,114378,1000x1000,900x900
recorrido/cultura/historiageneral/republica-romana.webp,233462,128372,1000x1000,900x900
recorrido/cultura/historiageneral/revolucion-francesa.webp,245962,129056,1000x1000,900x900
recorrido/cultura/historiageneral/revolucion-industrial.webp,286844,158008,1000x1000,900x900
recorrido/cultura/historiageneral/revolucion-neolitica.webp,324496,178336,1000x1000,900x900
recorrido/cultura/historiageneral/revolucion-rusa.webp,237912,123824,1000x1000,900x900
recorrido/cultura/historiageneral/ruta-seda.webp,259808,138710,1000x1000,900x900
recorrido/cultura/historiageneral/segunda-guerra-mundial.webp,246832,131572,1000x1000,900x900
recorrido/cultura/historiageneral/segunda-revolucion-industrial.webp,277950,149826,1000x1000,900x900
recorrido/cultura/historiageneral/smartphones.webp,249602,125174,1000x1000,900x900
recorrido/cultura/historiageneral/telefono.webp,224502,120506,1000x1000,900x900
recorrido/cultura/historiageneral/telegrafo.webp,219886,117004,1000x1000,900x900
recorrido/cultura/historiageneral/teoria-evolucion.webp,206742,103560,1000x1000,900x900
recorrido/cultura/historiageneral/unificacion-egipto.webp,207340,106480,1000x1000,900x900
recorrido/cultura/historiageneral/vacunas-modernas.webp,232574,123600,1000x1000,900x900
recorrido/cultura/historiareligion/africa.webp,348266,198208,1000x1000,900x900
recorrido/cultura/historiareligion/america.webp,305534,164562,1000x1000,900x900
recorrido/cultura/historiareligion/animismo.webp,276146,161164,1000x1000,900x900
recorrido/cultura/historiareligion/buda.webp,235124,130210,1000x1000,900x900
recorrido/cultura/historiareligion/budismo.webp,215240,117338,1000x1000,900x900
recorrido/cultura/historiareligion/chamanes.webp,236506,133894,1000x1000,900x900
recorrido/cultura/historiareligion/china.webp,311838,171230,1000x1000,900x900
recorrido/cultura/historiareligion/cisma.webp,233990,126066,1000x1000,900x900
recorrido/cultura/historiareligion/conectado.webp,293186,152344,1000x1000,900x900
recorrido/cultura/historiareligion/confucianismo.webp,261196,147058,1000x1000,900x900
recorrido/cultura/historiareligion/confucio.webp,241778,135296,1000x1000,900x900
recorrido/cultura/historiareligion/conquista.webp,210046,117166,1000x1000,900x900
recorrido/cultura/historiareligion/cristianismo.webp,205186,108830,1000x1000,900x900
recorrido/cultura/historiareligion/egipto.webp,219012,122638,1000x1000,900x900
recorrido/cultura/historiareligion/eras/busqueda-sabiduria.webp,252408,136464,1000x1000,900x900
recorrido/cultura/historiareligion/eras/civilizaciones-dioses.webp,294886,163198,1000x1000,900x900
recorrido/cultura/historiareligion/eras/dioses-historias.webp,291350,160416,1000x1000,900x900
recorrido/cultura/historiareligion/eras/mundo-muchas-creencias.webp,301736,168772,1000x1000,900x900
recorrido/cultura/historiareligion/eras/naturaleza-sagrada.webp,285818,153832,1000x1000,900x900
recorrido/cultura/historiareligion/eras/revolucion-espiritual.webp,260046,137896,1000x1000,900x900
recorrido/cultura/historiareligion/expansion.webp,247382,131264,1000x1000,900x900
recorrido/cultura/historiareligion/gea.webp,246756,139054,1000x1000,900x900
recorrido/cultura/historiareligion/griega.webp,218008,117682,1000x1000,900x900
recorrido/cultura/historiareligion/hindu.webp,289112,166994,1000x1000,900x900
recorrido/cultura/historiareligion/hinduismo.webp,248136,139170,1000x1000,900x900
recorrido/cultura/historiareligion/jesus.webp,207940,107392,1000x1000,900x900
recorrido/cultura/historiareligion/judaismo.webp,238682,128958,1000x1000,900x900
recorrido/cultura/historiareligion/krishna.webp,257792,142582,1000x1000,900x900
recorrido/cultura/historiareligion/laotse.webp,220616,120912,1000x1000,900x900
recorrido/cultura/historiareligion/mahoma.webp,208168,108514,1000x1000,900x900
recorrido/cultura/historiareligion/mesopotamia.webp,318722,188358,1000x1000,900x900
recorrido/cultura/historiareligion/moises.webp,240344,131650,1000x1000,900x900
recorrido/cultura/historiareligion/neolitica.webp,251050,140350,1000x1000,900x900
recorrido/cultura/historiareligion/reforma.webp,207254,111602,1000x1000,900x900
recorrido/cultura/historiareligion/romana.webp,241172,133176,1000x1000,900x900
recorrido/cultura/historiareligion/secularizacion.webp,279788,145850,1000x1000,900x900
recorrido/cultura/historiareligion/sintoismo.webp,314342,168152,1000x1000,900x900
recorrido/cultura/historiareligion/sunies.webp,212998,114658,1000x1000,900x900
recorrido/cultura/historiareligion/taoismo.webp,217902,116024,1000x1000,900x900
recorrido/cultura/historiareligion/ur.webp,283584,157760,1000x1000,900x900
recorrido/cultura/historiareligion/viaje.webp,237362,124294,1000x1000,900x900
recorrido/cultura/historiareligion/zoroastro.webp,222592,116122,1000x1000,900x900
recorrido/cultura/portadas/historiafilosofia.webp,234432,112900,1000x1000,900x900
recorrido/cultura/portadas/historiareligion.webp,229158,110988,1000x1000,900x900
recorrido/fisiologia/colageno/tipo3.webp,252032,127162,1000x1000,900x900
recorrido/fisiologia/colageno/tipo7.webp,232066,112944,1000x1000,900x900
recorrido/fisiologia/grasa/subcutanea.webp,280934,99360,1254x1254,900x900
recorrido/fisiologia/grasa/visceral.webp,272644,97528,1254x1254,900x900
recorrido/fisiologia/pre/barreranuclear.webp,210706,93646,1000x1000,900x900
recorrido/fisiologia/pre/ribosoma.webp,231420,108708,1000x1000,900x900
recorrido/fisiologia/profundiza/apoptosis/apoptosis1.webp,356706,190152,1000x1000,900x900
recorrido/fisiologia/profundiza/apoptosis/apoptosis2.webp,316132,166334,1000x1000,900x900
recorrido/fisiologia/profundiza/apoptosis/apoptosis4.webp,333698,176852,1000x1000,900x900
recorrido/fisiologia/profundiza/cetosis/cetosis1.webp,279364,130754,1000x1000,900x900
recorrido/fisiologia/profundiza/cetosis/cetosis2.webp,263292,118962,1000x1000,900x900
recorrido/fisiologia/profundiza/cetosis/cetosis3.webp,304094,161540,1000x1000,900x900
recorrido/fisiologia/profundiza/cetosis/cetosis4.webp,344310,184844,1000x1000,900x900
recorrido/fisiologia/profundiza/cetosis/cetosis5.webp,274046,134236,1000x1000,900x900
recorrido/fisiologia/profundiza/cetosis/cetosis6.webp,289398,144114,1000x1000,900x900
recorrido/fisiologia/profundiza/envejecimiento/envejecimiento3.webp,211634,93512,1000x1000,900x900
recorrido/fisiologia/profundiza/envejecimiento/envejecimiento4.webp,233824,103766,1000x1000,900x900
recorrido/fisiologia/profundiza/envejecimiento/envejecimiento5.webp,240126,100190,1000x1000,900x900
recorrido/fisiologia/profundiza/estres/estres1.webp,225130,124632,1000x1000,900x900
recorrido/fisiologia/profundiza/estres/estres2.webp,206476,102814,1000x1000,900x900
recorrido/fisiologia/profundiza/estres/estres3.webp,207752,104938,1000x1000,900x900
recorrido/fisiologia/profundiza/estres/estres4.webp,228946,130360,1000x1000,900x900
recorrido/fisiologia/profundiza/estres/estres5.webp,247218,130676,1000x1000,900x900
recorrido/fisiologia/profundiza/inmunitario/anticuerpos.webp,233990,129564,1000x1000,900x900
recorrido/fisiologia/profundiza/inmunitario/inflamacion.webp,227586,125372,1000x1000,900x900
recorrido/fisiologia/profundiza/musculo/tubulos.webp,237930,110864,1000x1000,900x900
recorrido/fisiologia/profundiza/nerviovago/nerviovago2.webp,230176,122782,1000x1000,900x900
recorrido/fisiologia/profundiza/nerviovago/nerviovago5.webp,206560,105062,1000x1000,900x900
recorrido/fisiologia/profundiza/portadas/apoptosis.webp,209872,114654,1000x1000,900x900
recorrido/fisiologia/profundiza/portadas/cancer.webp,341242,191450,1000x1000,900x900
recorrido/fisiologia/profundiza/portadas/detoxificacionportada.webp,220224,115080,1000x1000,900x900
recorrido/fisiologia/profundiza/portadas/epigeneticaportada.webp,223264,118972,1000x1000,900x900
recorrido/fisiologia/profundiza/portadas/estresportada.webp,237642,135632,1000x1000,900x900
recorrido/fisiologia/profundiza/portadas/homeostasis.webp,281220,147646,1000x1000,900x900
recorrido/fisiologia/profundiza/portadas/metabolismoportada.webp,211278,111672,1000x1000,900x900
recorrido/fisiologia/profundiza/portadas/regeneracion.webp,238440,132364,1000x1000,900x900
recorrido/fisiologia/profundiza/portadas/sistemaenterico.webp,205528,107032,1000x1000,900x900
recorrido/fisiologia/profundiza/regeneracion/regeneracion2.webp,242688,110438,1000x1000,900x900
recorrido/fisiologia/profundiza/regla/regla2.webp,216136,113500,1000x1000,900x900
recorrido/fisiologia/profundiza/regla/regla3.webp,216678,112318,1000x1000,900x900
recorrido/fisiologia/profundiza/regla/regla5.webp,209106,105428,1000x1000,900x900
recorrido/fisiologia/profundiza/regla/regla6.webp,219044,111886,1000x1000,900x900
recorrido/nutricion/alimentos/arroces.webp,206682,109192,1000x1000,900x900
recorrido/nutricion/alimentos/cervezavino.webp,222206,101216,1000x1000,900x900
recorrido/nutricion/alimentos/cola.webp,214014,102638,1000x1000,900x900
recorrido/nutricion/alimentos/especias.webp,216700,112782,1000x1000,900x900
recorrido/nutricion/alimentos/frutossecos.webp,221512,113272,1000x1000,900x900
recorrido/nutricion/alimentos/pan.webp,270364,145234,1000x1000,900x900
recorrido/nutricion/alimentos/pasta.webp,211370,109040,1000x1000,900x900
recorrido/nutricion/alimentos/procesados.webp,226474,121916,1000x1000,900x900
recorrido/nutricion/hambre/hambre4.webp,222488,109782,1000x1000,900x900
recorrido/nutricion/mitos/alimentossaciantes.webp,204988,103486,1000x1000,900x900
recorrido/nutricion/mitos/azucarenergia.webp,204978,106600,1000x1000,900x900
recorrido/nutricion/mitos/azucarmoreno.webp,217506,112350,1000x1000,900x900
recorrido/nutricion/mitos/azucaromiel.webp,205926,106726,1000x1000,900x900
recorrido/nutricion/mitos/celiaquia.webp,209096,97070,1000x1000,900x900
recorrido/nutricion/mitos/chocolatenegro.webp,219726,95970,1000x1000,900x900
recorrido/nutricion/mitos/cuerpotoxinas.webp,214462,99222,1000x1000,900x900
recorrido/nutricion/mitos/edulcorantes.webp,206734,102962,1000x1000,900x900
recorrido/nutricion/mitos/frutanoche.webp,230566,110396,1000x1000,900x900
recorrido/nutricion/mitos/grasasaturada.webp,207178,96542,1000x1000,900x900
recorrido/nutricion/mitos/grasatoxinas.webp,224318,109920,1000x1000,900x900
recorrido/nutricion/mitos/pastafuera.webp,208314,100114,1000x1000,900x900
recorrido/nutricion/mitos/proteinadañariñones.webp,218418,112468,1000x1000,900x900
recorrido/nutricion/mitos/verdurascongeladas.webp,249882,118296,1000x1000,900x900
recorrido/nutricion/mitos/verduraspierdennutrientes.webp,209112,97994,1000x1000,900x900
recorrido/nutricion/moleculas/calcio.webp,225046,88514,1000x1000,900x900
recorrido/nutricion/portadas/agua.webp,271528,132408,1000x1000,900x900
recorrido/nutricion/portadas/alcohol.webp,250082,118552,1000x1000,900x900
recorrido/nutricion/portadas/carbs.webp,219746,107192,1000x1000,900x900
recorrido/nutricion/portadas/colesterolportada.webp,262924,128902,1000x1000,900x900
recorrido/nutricion/portadas/drogas.webp,244376,117758,1000x1000,900x900
recorrido/nutricion/portadas/edulcorantes.webp,231718,106740,1000x1000,900x900
recorrido/nutricion/portadas/fibra.webp,246100,126146,1000x1000,900x900
recorrido/nutricion/portadas/fitoquimico.webp,270868,135468,1000x1000,900x900
recorrido/nutricion/portadas/grasas.webp,248006,120616,1000x1000,900x900
recorrido/nutricion/portadas/minerales.webp,302608,155146,1000x1000,900x900
recorrido/nutricion/portadas/prote.webp,259968,126990,1000x1000,900x900
recorrido/nutricion/portadas/vitaminas.webp,258212,131462,1000x1000,900x900
recorrido/tcm/cincoanimales/ciervo.webp,218452,101996,1000x1000,900x900
recorrido/tcm/cincoanimales/grulla.webp,220776,99540,1000x1000,900x900
recorrido/tcm/cincoanimales/tigre.webp,214698,98936,1000x1000,900x900
recorrido/tcm/cocina/agua4.webp,206754,97352,1000x1000,900x900
recorrido/tcm/cocina/fuego2.webp,213184,104644,1000x1000,900x900
recorrido/tcm/cocina/fuego3.webp,235642,115432,1000x1000,900x900
recorrido/tcm/cocina/madera1.webp,235244,119904,1000x1000,900x900
recorrido/tcm/cocina/madera2.webp,214122,110718,1000x1000,900x900
recorrido/tcm/cocina/madera3.webp,232488,119778,1000x1000,900x900
recorrido/tcm/cocina/madera4.webp,215498,111888,1000x1000,900x900
recorrido/tcm/cocina/tierra1.webp,218696,106066,1000x1000,900x900
recorrido/tcm/cocina/tierra2.webp,214616,104982,1000x1000,900x900
recorrido/tcm/cocina/tierra3.webp,210484,96964,1000x1000,900x900
recorrido/tcm/cocina/tierra4.webp,228014,113562,1000x1000,900x900
recorrido/tcm/controlador/aguafuego.webp,241476,124188,1000x1000,900x900
recorrido/tcm/controlador/fuegometal.webp,217854,116240,1000x1000,900x900
recorrido/tcm/controlador/metalmadera.webp,258292,143754,1000x1000,900x900
recorrido/tcm/controlador/tierramadera.webp,213182,115904,1000x1000,900x900
recorrido/tcm/fuego/fuego5.webp,219878,108522,1000x1000,900x900
recorrido/tcm/generador/aguamadera.webp,283638,157226,1000x1000,900x900
recorrido/tcm/generador/maderafuego.webp,231008,124654,1000x1000,900x900
recorrido/tcm/generador/metalagua.webp,281632,151602,1000x1000,900x900
recorrido/tcm/generador/tierrametal.webp,210114,109438,1000x1000,900x900
recorrido/tcm/qigong/brocado-1-sostener-cielo.webp,238320,107390,1000x1000,900x900
recorrido/tcm/qigong/brocado-2-tensar-arco.webp,222496,98996,1000x1000,900x900
recorrido/tcm/qigong/brocado-3-separar-cielo-tierra.webp,237798,107946,1000x1000,900x900
recorrido/tcm/qigong/brocado-4-mirar-atras.webp,205540,85300,1000x1000,900x900
recorrido/tcm/qigong/brocado-5-cabeza-y-cadera.webp,209974,87508,1000x1000,900x900
recorrido/tcm/qigong/daoyin/mawangdui.webp,409064,217926,1000x1000,900x900
recorrido/tcm/qigong/historia/mawangdui.webp,238010,111854,1000x1000,900x900
recorrido/tcm/taoismo/de.webp,275358,138114,1000x1000,900x900
recorrido/tcm/taoismo/fan.webp,215724,94934,1000x1000,900x900
recorrido/tcm/taoismo/ziran.webp,244040,114632,1000x1000,900x900
viñetas/astrologia/astro/mapa2.webp,206474,102274,1000x1000,900x900
viñetas/astrologia/historia/alandalus.webp,225606,105382,1000x1000,900x900
viñetas/astrologia/historia/alejandro.webp,259540,134528,1000x1000,900x900
viñetas/astrologia/historia/astrologosdelrey.webp,237512,111188,1000x1000,900x900
viñetas/astrologia/historia/cortes.webp,234302,112550,1000x1000,900x900
viñetas/astrologia/historia/jung.webp,212338,92144,1000x1000,900x900
viñetas/astrologia/historia/pausaqarawiyyin.webp,224598,105012,1000x1000,900x900
viñetas/astrologia/historia/roma.webp,223128,111636,1000x1000,900x900
viñetas/astrologia/historia/zodiaco.webp,228654,111684,1000x1000,900x900
viñetas/astrologia/portadacasas.webp,215130,106270,1000x1000,900x900
viñetas/astrologia/portadaplanetas.webp,242054,111824,1000x1000,900x900
viñetas/astrologia/portadasignos.webp,272616,135020,1000x1000,900x900
viñetas/cabala/historia/cabalahistoria2.webp,219720,113218,1000x1000,900x900
viñetas/comicInicioSegunCiencia/inicio5.webp,283804,35126,1254x1254,900x900
viñetas/comicInicioSegunCiencia/inicio7.webp,233050,122386,1000x1000,900x900
viñetas/comicInicio/viñeta1.webp,220890,108814,1000x1000,900x900
viñetas/comicInicio/viñeta14.webp,206090,102874,1000x1000,900x900
viñetas/elMapa/comicinicioayurveda.webp,218272,116888,1000x1000,900x900
viñetas/elMapa/comiciniciocultura.webp,242692,117480,1000x1000,900x900
viñetas/elMapa/comiciniciodescubrimiento.webp,280254,139230,1000x1000,900x900
viñetas/elMapa/comiciniciofinal.webp,273998,130034,1000x1000,900x900
viñetas/elMapa/comiciniciopsico.webp,211832,104406,1000x1000,900x900
viñetas/fisiologia/cancer/cancer1.webp,320992,166374,1000x1000,900x900
viñetas/fisiologia/cancer/cancer2.webp,268218,133098,1000x1000,900x900
viñetas/fisiologia/cancer/cancer3.webp,312082,163682,1000x1000,900x900
viñetas/fisiologia/cancer/cancer4.webp,338250,183512,1000x1000,900x900
viñetas/fisiologia/cancer/cancer5.webp,311510,156908,1000x1000,900x900
viñetas/fisiologia/cancer/cancer6.webp,352838,193344,1000x1000,900x900
viñetas/fisiologia/celulas/bazo/macrofagoesplenico.webp,244892,135876,1000x1000,900x900
viñetas/fisiologia/celulas/cerebro/astrocitos.webp,204964,100760,1000x923,900x831
viñetas/fisiologia/celulas/cerebro/endotelialcerebral.webp,247100,122026,1000x1000,900x900
viñetas/fisiologia/celulas/cerebro/neuronas.webp,210416,105732,1000x1000,900x900
viñetas/fisiologia/celulas/conectivo/fibroblastos.webp,252580,139058,1000x914,900x823
viñetas/fisiologia/celulas/corazon/cardiomiocitos.webp,215210,113176,1000x1000,900x900
viñetas/fisiologia/celulas/corazon/purkinje.webp,230050,109332,1000x1000,900x900
viñetas/fisiologia/celulas/estomago/parietal.webp,205944,92634,1000x1000,900x900
viñetas/fisiologia/celulas/estomago/principal.webp,230236,103342,1000x1000,900x900
viñetas/fisiologia/celulas/grasa/marron.webp,251962,135892,1000x1000,900x900
viñetas/fisiologia/celulas/higado/hepatocitos.webp,253986,141484,1000x1000,900x900
viñetas/fisiologia/celulas/huesos/osteoblastos.webp,241430,126224,1000x1000,900x900
viñetas/fisiologia/celulas/huesos/osteoclastos.webp,236656,123582,1000x800,900x720
viñetas/fisiologia/celulas/intestino/caliciformes.webp,206186,103528,1000x1000,900x900
viñetas/fisiologia/celulas/intestino/enterocitos.webp,229912,116582,1000x1000,900x900
viñetas/fisiologia/celulas/intestino/madreintestinal.webp,229968,115626,1000x1000,900x900
viñetas/fisiologia/celulas/intestino/paneth.webp,237848,125178,1000x1000,900x900
viñetas/fisiologia/celulas/lengua/basalgusto.webp,223936,111720,1000x1000,900x900
viñetas/fisiologia/celulas/musculo/satelite.webp,210722,103104,1000x1000,900x900
viñetas/fisiologia/celulas/piel/endoteliales.webp,254376,135842,1000x922,900x830
viñetas/fisiologia/celulas/piel/langerhans.webp,226302,116182,1000x1000,900x900
viñetas/fisiologia/celulas/piel/melanocitos.webp,205388,102338,1000x1000,900x900
viñetas/fisiologia/celulas/piel/merkel.webp,228668,115138,1000x1000,900x900
viñetas/fisiologia/celulas/rinones/tubulodistal.webp,218868,108000,1000x1000,900x900
viñetas/fisiologia/celulas/rinones/tubuloproximal.webp,232378,117152,1000x1000,900x900
viñetas/fisiologia/celulas/sangre/bcells.webp,213358,115316,1000x1000,900x900
viñetas/fisiologia/celulas/sangre/neutrofilos.webp,244000,140860,1000x1000,900x900
viñetas/fisiologia/celulas/tiroides/tirocito.webp,240296,117986,1000x1000,900x900
viñetas/fisiologia/celulas/vesicula/colangiocito.webp,222314,112566,1000x1000,900x900
viñetas/fisiologia/cigoto/cigoto7.webp,242532,109590,1000x1000,900x900
viñetas/fisiologia/estrellas/star3.webp,220782,117044,1000x1000,900x900
viñetas/fisiologia/estrellas/star6.webp,235268,125796,1000x1000,900x900
viñetas/fisiologia/reconstruccion/1.webp,292952,148634,1000x1000,900x900
viñetas/fisiologia/reconstruccion/2.webp,315862,163962,1000x1000,900x900
viñetas/fisiologia/reconstruccion/3.webp,244374,117478,1000x1000,900x900
viñetas/fisiologia/reconstruccion/4.webp,263032,127500,1000x1000,900x900
viñetas/hinduismo/chakras/comic/2.webp,223284,108736,1000x1000,900x900
viñetas/hinduismo/chakras/comic/4.webp,229054,107844,1000x1000,900x900
viñetas/hinduismo/chakras/unoporuno/1.webp,254150,123666,1000x1000,900x900
viñetas/hinduismo/chakras/unoporuno/2.webp,237902,119858,1000x1000,900x900
viñetas/hinduismo/chakras/unoporuno/3.webp,209130,91260,1000x1000,900x900
viñetas/hinduismo/chakras/unoporuno/4.webp,242088,111712,1000x1000,900x900
viñetas/hinduismo/chakras/unoporuno/5.webp,247624,121380,1000x1000,900x900
viñetas/hinduismo/chakras/unoporuno/6.webp,241968,110752,1000x1000,900x900
viñetas/hinduismo/chakras/unoporuno/7.webp,240472,108876,1000x1000,900x900
viñetas/hinduismo/chakras/unoporuno/fotopantalla.webp,229054,107844,1000x1000,900x900
viñetas/hinduismo/doshas/kapha.webp,546730,90466,1254x1254,900x900
viñetas/hinduismo/doshas/pitta.webp,599218,109724,1254x1254,900x900
viñetas/hinduismo/origen/origen9.webp,225048,119070,1000x1000,900x900
viñetas/nutricion/agua/agua1.webp,590210,111348,1254x1254,900x900
viñetas/nutricion/agua/agua2.webp,531750,106608,1254x1254,900x900
viñetas/nutricion/agua/agua4.webp,599132,104712,1254x1254,900x900
viñetas/nutricion/agua/aguadisuelve.webp,248644,129324,1000x1000,900x900
viñetas/nutricion/agua/aguaosmosis.webp,216070,103478,1000x1000,900x900
viñetas/nutricion/agua/aguaultima.webp,579178,82876,1254x1254,900x900
viñetas/nutricion/biologia/animal/animal1.webp,220626,106528,1000x1000,900x900
viñetas/nutricion/biologia/animal/animal2.webp,264574,132498,1000x1000,900x900
viñetas/nutricion/biologia/animal/animal3.webp,287572,137012,1000x1000,900x900
viñetas/nutricion/biologia/animal/animal4.webp,259192,134636,1000x1000,900x900
viñetas/nutricion/biologia/ciclos/fosforo.webp,236812,127738,1000x1000,900x900
viñetas/nutricion/biologia/fruta/fruta.webp,298472,154818,1000x1000,900x900
viñetas/nutricion/biologia/fruta/fruta1.webp,231104,111658,1000x1000,900x900
viñetas/nutricion/biologia/fruta/fruta2.webp,255370,124604,1000x1000,900x900
viñetas/nutricion/biologia/fruta/fruta3.webp,262778,138734,1000x1000,900x900
viñetas/nutricion/biologia/fruta/fruta4.webp,292532,152012,1000x1000,900x900
viñetas/nutricion/biologia/hoja/hoja.webp,215588,110400,1000x1000,900x900
viñetas/nutricion/biologia/hoja/hoja1.webp,288140,150260,1000x1000,900x900
viñetas/nutricion/biologia/hoja/hoja2.webp,254594,127648,1000x1000,900x900
viñetas/nutricion/biologia/hoja/hoja3.webp,239488,117332,1000x1000,900x900
viñetas/nutricion/biologia/hoja/hoja4.webp,274930,142386,1000x1000,900x900
viñetas/nutricion/biologia/planta/planta.webp,250700,136184,1000x1000,900x900
viñetas/nutricion/biologia/planta/planta1.webp,255410,131912,1000x1000,900x900
viñetas/nutricion/biologia/planta/planta2.webp,260682,132860,1000x1000,900x900
viñetas/nutricion/biologia/planta/planta3.webp,236706,119086,1000x1000,900x900
viñetas/nutricion/biologia/planta/planta4.webp,235886,119736,1000x1000,900x900
viñetas/nutricion/biologia/tierra/tierra.webp,235912,127784,1000x1000,900x900
viñetas/nutricion/biologia/tierra/tierra1.webp,224954,115688,1000x1000,900x900
viñetas/nutricion/biologia/tierra/tierra2.webp,306348,165174,1000x1000,900x900
viñetas/nutricion/biologia/tierra/tierra3.webp,257948,136604,1000x1000,900x900
viñetas/nutricion/biologia/tierra/tierra4.webp,276594,146586,1000x1000,900x900
viñetas/nutricion/biologia/tierra/tierra5.webp,323994,176764,1000x1000,900x900
viñetas/nutricion/biologia/tierra/tierra6.webp,265054,136772,1000x1000,900x900
viñetas/nutricion/calorias/calorias4.webp,274672,148648,1000x1000,900x900
viñetas/nutricion/calorias/calorias5.webp,235566,119966,1000x1000,900x900
viñetas/nutricion/calorias/calorias6.webp,230142,118496,1000x1000,900x900
viñetas/nutricion/calorias/calorias7.webp,251108,134268,1000x1000,900x900
viñetas/nutricion/calorias/calorias8.webp,217694,114084,1000x1000,900x900
viñetas/nutricion/carbohidratos/carbohidratos1.webp,215466,96296,1000x1000,900x900
viñetas/nutricion/carbohidratos/carbohidratos3.webp,251394,127518,1000x1000,900x900
viñetas/nutricion/carbohidratos/carbohidratos4.webp,244298,134024,1000x1000,900x900
viñetas/nutricion/edulcorantes/edulcorantes1.webp,222092,109254,1000x1000,900x900
viñetas/nutricion/edulcorantes/edulcorantes5.webp,231184,107518,1000x1000,900x900
viñetas/nutricion/edulcorantes/edulcorantes6.webp,258320,116336,1000x1000,900x900
viñetas/nutricion/etanol/etanol1.webp,243604,122540,1000x1000,900x900
viñetas/nutricion/etanol/etanol2.webp,234312,118598,1000x1000,900x900
viñetas/nutricion/etanol/etanol3.webp,243020,127140,1000x1000,900x900
viñetas/nutricion/etanol/etanol4.webp,270948,138890,1000x1000,900x900
viñetas/nutricion/fibra/fibra1.webp,658028,132040,1254x1254,900x900
viñetas/nutricion/fibra/fibra2.webp,667538,144748,1254x1254,900x900
viñetas/nutricion/fibra/fibra3.webp,224398,118684,1000x1000,900x900
viñetas/nutricion/fibra/fibra4.webp,232284,128552,1000x1000,900x900
viñetas/nutricion/fitoquimicos/fitoquimicos1.webp,471968,108456,1254x1254,900x900
viñetas/nutricion/fitoquimicos/fitoquimicos2.webp,616508,121564,1254x1254,900x900
viñetas/nutricion/fitoquimicos/fitoquimicos3.webp,684408,163274,1254x1254,900x900
viñetas/nutricion/fitoquimicos/fitoquimicos4.webp,721042,175198,1254x1254,900x900
viñetas/nutricion/grasas/grasas1.webp,578296,128318,1254x1254,900x900
viñetas/nutricion/grasas/grasas2.webp,555466,126258,1254x1254,900x900
viñetas/nutricion/grasas/grasas3.webp,271238,156246,1000x1000,900x900
viñetas/nutricion/grasas/grasas4.webp,651836,143952,1254x1254,900x900
viñetas/nutricion/integral/integral2.webp,452410,94290,1254x1254,900x900
viñetas/nutricion/integral/integral3.webp,339570,45630,1254x1254,900x900
viñetas/nutricion/integral/integral4.webp,514464,82192,1254x1254,900x900
viñetas/nutricion/intro/nutricomic1.webp,240242,139220,1000x1000,900x900
viñetas/nutricion/microbiota/microbiota1.webp,217164,106410,1000x1000,900x900
viñetas/nutricion/microbiota/microbiota2.webp,206548,110220,1000x1000,900x900
viñetas/nutricion/minerales/minerales1.webp,532550,84362,1254x1254,900x900
viñetas/nutricion/minerales/minerales2.webp,664878,116454,1254x1254,900x900
viñetas/nutricion/minerales/minerales3.webp,211660,97128,1000x1000,900x900
viñetas/nutricion/minerales/minerales4.webp,779570,188308,1254x1254,900x900
viñetas/nutricion/proteinas/proteinas1.webp,238794,130306,1000x1000,900x900
viñetas/nutricion/proteinas/proteinas2.webp,228012,119728,1000x1000,900x900
viñetas/nutricion/proteinas/proteinas3.webp,248888,136804,1000x1000,900x900
viñetas/nutricion/proteinas/proteinas4.webp,247362,131720,1000x1000,900x900
viñetas/nutricion/vitaminas/vitaminas1.webp,217754,115280,1000x1000,900x900
viñetas/nutricion/vitaminas/vitaminas2.webp,220462,113276,1000x1000,900x900
viñetas/nutricion/vitaminas/vitaminas4.webp,239182,129418,1000x1000,900x900
viñetas/psicologia/ace/ace1.webp,474880,55856,1254x1254,900x900
viñetas/psicologia/ace/ace2.webp,625598,92270,1254x1254,900x900
viñetas/psicologia/ace/ace3.webp,558502,84520,1254x1254,900x900
viñetas/psicologia/ace/ace4.webp,481362,80476,1254x1254,900x900
viñetas/psicologia/compromiso/compromiso1.webp,242712,54744,1254x1254,900x900
viñetas/psicologia/compromiso/compromiso3.webp,264144,62766,1254x1254,900x900
viñetas/psicologia/compromiso/compromiso4.webp,220098,52856,1254x1254,900x900
viñetas/psicologia/creencias/creencias1.webp,232050,90616,1000x1000,900x900
viñetas/psicologia/disociacion/disociacion1.webp,297030,76956,1000x1000,900x900
viñetas/psicologia/disociacion/disociacion2.webp,215430,51226,1000x1000,900x900
viñetas/psicologia/disociacion/disociacion3.webp,217630,38372,1000x1000,900x900
viñetas/psicologia/disociacion/disociacion4.webp,256864,61252,1000x1000,900x900
viñetas/psicologia/familia/familia1.webp,226832,67020,1254x1254,900x900
viñetas/psicologia/familia/familia5.webp,244972,65436,1254x1254,900x900
viñetas/psicologia/lineatiempo/lineatiempo1.webp,278772,70948,1254x1254,900x900
viñetas/psicologia/lineatiempo/lineatiempo2.webp,340370,93910,1254x1254,900x900
viñetas/psicologia/lineatiempo/lineatiempo3.webp,233598,77326,1254x1254,900x900
viñetas/psicologia/narrar/narrar1.webp,263832,80272,1254x1254,900x900
viñetas/psicologia/narrar/narrar2.webp,209814,58508,1254x1254,900x900
viñetas/psicologia/sintesis/sintesis3.webp,264026,116694,1000x1000,900x900
viñetas/psicologia/sufrimiento/sufrimiento1.webp,621508,73180,1254x1254,900x900
viñetas/psicologia/sufrimiento/sufrimiento2.webp,631576,88882,1254x1254,900x900
viñetas/psicologia/sufrimiento/sufrimiento4.webp,619080,87132,1254x1254,900x900
viñetas/psicologia/sufrimiento/sufrimiento5.webp,693954,116260,1254x1254,900x900
viñetas/psicologia/sufrimiento/sufrimiento6.webp,597972,78332,1254x1254,900x900
viñetas/psicologia/sufrimiento/sufrimiento7.webp,584616,84992,1254x1254,900x900
viñetas/tcm/elementos/portadaelementos.webp,212828,116198,1000x1000,900x900
viñetas/tcm/yinyang/yinyang.webp,230572,116762,1000x1000,900x900
